{
  "train_loss": [
    1.3460560978128668,
    1.2380484347932794,
    1.1200095626745332,
    1.122420883982369,
    1.1116213185063908,
    1.084903054558829,
    1.1328642159365536,
    1.071589402938157,
    1.1099220048175769,
    1.0793354495187824,
    1.0881057281172677,
    1.0514359715279569,
    1.0813232345527477,
    1.0642628385779562,
    1.0545907800117236,
    1.0286379414997744,
    1.0634552551119516,
    1.077793476822671,
    1.052508672703518,
    1.0334834582350227,
    1.0181061326787713,
    1.0523439833287442,
    1.0314721522706278,
    1.03958975679419,
    1.0049614181679287,
    1.034715882312046,
    1.002660174852007,
    0.9719284175487047,
    1.0634650672419688,
    1.001340773936068,
    0.9949232187163963,
    0.9898149852002605,
    0.9790432600492842,
    0.9922439608681068,
    0.9851258218958137,
    0.9772503459051753,
    0.9924523803625214,
    0.9613184425268281,
    0.9904689652196477,
    0.9878146001462186,
    0.9741636150338676,
    0.9478928008776033,
    0.9452880397271575,
    0.9574374440011014,
    0.9742797761820675,
    0.932126619842615,
    0.9380173985877733,
    0.9452967712048734,
    0.945549152942186,
    0.9176205706060603,
    0.9357023464160019,
    0.9413224343503459,
    0.9516356157452872,
    0.8998788261681461,
    0.9336767303809691,
    0.9078583438744706,
    0.9025099978018343,
    0.9776184013720309,
    0.9380111265718267,
    0.9246984556819616,
    0.887159538804815,
    0.9289111687895957,
    0.9426078990604101,
    0.9212551311160742,
    0.9099409665954247,
    0.8861264236857382,
    0.8762969188475876,
    0.8741264813401726,
    0.9212088492479217,
    0.9227251999833611,
    0.9014597016773866,
    0.869593742456329,
    0.8712160107794772
  ],
  "val_loss": [
    1.36031178633372,
    1.2494737307230632,
    1.1998108625411987,
    1.1990854342778523,
    1.222651481628418,
    1.1827482382456462,
    1.1748932600021362,
    1.209241231282552,
    1.1734040975570679,
    1.1853272914886475,
    1.1745147705078125,
    1.18038809299469,
    1.1961077451705933,
    1.1736945311228435,
    1.1642980575561523,
    1.160035769144694,
    1.141731818517049,
    1.1725173791249592,
    1.1500720580418904,
    1.1440956592559814,
    1.1359117428461711,
    1.1824621359507244,
    1.173064390818278,
    1.1525623798370361,
    1.1647225618362427,
    1.1244367758433025,
    1.129507064819336,
    1.2133698066075642,
    1.1604658365249634,
    1.1795723835627239,
    1.1356386343638103,
    1.1135904391606648,
    1.1150425275166829,
    1.1748385429382324,
    1.146613319714864,
    1.143072485923767,
    1.200331727663676,
    1.1869171857833862,
    1.1305238803227742,
    1.1338259776433308,
    1.1167487700780232,
    1.136001984278361,
    1.1122252146402996,
    1.128268798192342,
    1.1092397769292195,
    1.1524923245112102,
    1.1081705888112385,
    1.116625229517619,
    1.1301191250483196,
    1.1114581028620403,
    1.1553903818130493,
    1.117389440536499,
    1.1122841437657673,
    1.1228938500086467,
    1.1344693104426067,
    1.1219453811645508,
    1.1161123514175415,
    1.0844242970148723,
    1.109641432762146,
    1.0913354953130086,
    1.1109764178593953,
    1.0979063113530476,
    1.089337150255839,
    1.099537452061971,
    1.1065900723139446,
    1.1179118951161702,
    1.1206815640131633,
    1.1164780457814534,
    1.0967170397440593,
    1.1013247966766357,
    1.1118521690368652,
    1.100364089012146,
    1.1027148564656575
  ],
  "train_acc": [
    0.36179775294293176,
    0.4337078651685393,
    0.4606741571694278,
    0.44494381915317494,
    0.4775280908252416,
    0.5123595508296838,
    0.5078651685393258,
    0.5258426963613274,
    0.4932584266984061,
    0.5168539311108964,
    0.4943820218691665,
    0.5359550551082312,
    0.5280898861670762,
    0.5280898870377059,
    0.5505617964133788,
    0.561797753880533,
    0.5438202232457279,
    0.5134831445940425,
    0.5269662921348315,
    0.5786516836519991,
    0.5752808972690883,
    0.5539325840017769,
    0.589887638976065,
    0.5797752794255031,
    0.5853932585609093,
    0.5808988762705514,
    0.5786516863308596,
    0.6157303381501958,
    0.5617977510677294,
    0.5921348323982754,
    0.5831460683533315,
    0.6247191009896524,
    0.6056179785996341,
    0.6089887624376276,
    0.610112360488163,
    0.6101123580771886,
    0.6123595514993989,
    0.6359550559118893,
    0.607865169476927,
    0.6112359545204077,
    0.6235955065555787,
    0.6370786527569374,
    0.6471910121735562,
    0.6539325838678338,
    0.6112359559937809,
    0.6651685402634439,
    0.647191011235955,
    0.646067415194565,
    0.640449436728874,
    0.6808988760026653,
    0.6438202232457279,
    0.659550562869297,
    0.6516853931244839,
    0.6932584252250329,
    0.6640449447578258,
    0.6719101104843482,
    0.696629212679488,
    0.6258426960934413,
    0.6595505599225505,
    0.6539325825284036,
    0.696629213349203,
    0.6842696610461461,
    0.653932584939378,
    0.6797752817025345,
    0.6651685403973868,
    0.6955056162362688,
    0.6955056190490723,
    0.6910112368926573,
    0.6606741581070289,
    0.6617977512016725,
    0.6820224715082833,
    0.6775280896197544,
    0.6977528099263652
  ],
  "val_acc": [
    0.3541666666666667,
    0.3854166666666667,
    0.3958333333333333,
    0.3854166666666667,
    0.4166666666666667,
    0.4635416666666667,
    0.4427083333333333,
    0.421875,
    0.4375,
    0.46875,
    0.4947916666666667,
    0.484375,
    0.5260416666666666,
    0.5416666666666666,
    0.5208333333333334,
    0.4947916666666667,
    0.5260416666666666,
    0.5208333333333334,
    0.5260416666666666,
    0.5208333333333334,
    0.5260416666666666,
    0.515625,
    0.53125,
    0.5625,
    0.5104166666666666,
    0.53125,
    0.53125,
    0.5208333333333334,
    0.5520833333333334,
    0.5416666666666666,
    0.5677083333333334,
    0.5572916666666666,
    0.5572916666666666,
    0.5416666666666666,
    0.5416666666666666,
    0.5625,
    0.5677083333333334,
    0.5520833333333334,
    0.5677083333333334,
    0.5729166666666666,
    0.59375,
    0.5625,
    0.578125,
    0.578125,
    0.59375,
    0.5677083333333334,
    0.5833333333333334,
    0.5729166666666666,
    0.5885416666666666,
    0.5416666666666666,
    0.5625,
    0.5729166666666666,
    0.5729166666666666,
    0.5677083333333334,
    0.578125,
    0.5677083333333334,
    0.5885416666666666,
    0.609375,
    0.578125,
    0.6041666666666666,
    0.5989583333333334,
    0.5729166666666666,
    0.6145833333333334,
    0.59375,
    0.609375,
    0.5885416666666666,
    0.5729166666666666,
    0.5885416666666666,
    0.59375,
    0.5885416666666666,
    0.5833333333333334,
    0.59375,
    0.5989583333333334
  ]
}