{
  "d_loss": [
    9.989280428205218,
    9.866472925458636,
    9.312618800571986,
    7.84512540272304,
    5.6184932844979425,
    3.2478919199534824,
    0.6236339041164943,
    -1.1485696562698908,
    -1.1961743927427702,
    -1.0471709732498442,
    -0.911715430872781,
    -1.0750666143638747,
    -1.1738301675234522,
    -1.5062378102115221,
    -2.500311919621059,
    -2.6749087231499806,
    -3.2712975399834767,
    -3.7464505774634227,
    -3.807758297239031,
    -4.041228498731341,
    -4.306366460663932,
    -4.575490389551435,
    -4.234238726752145,
    -3.540650691304888,
    -2.5960448724882945,
    -2.624473971979959,
    -2.6603749138968333,
    -2.7270978689193726,
    -3.3182097673416138,
    -3.8392848457608904,
    -4.099957346916199,
    -4.459619062287467,
    -4.397786566189358,
    -4.076847246715,
    -4.411820071084159,
    -3.8302748714174544,
    -4.284912858690534,
    -4.345247285706656,
    -4.289394736289978,
    -4.104487930025373,
    -4.336002196584429,
    -4.2979380403246195,
    -4.275065064430237,
    -3.742053951535906,
    -3.760204400335039,
    -3.0632962669645036,
    -2.757200402872903,
    -2.7810676949364797,
    -2.397603060517992,
    -2.374652419771467,
    -2.2088302799633572,
    -1.935709263597216,
    -2.0711189763886586,
    -1.9320430159568787,
    -2.1909276928220476,
    -2.053131009851183,
    -2.058515250682831,
    -1.8542572685650416,
    -1.8011827554021562,
    -1.8571580052375793,
    -1.7270360163279943,
    -1.4061804158346993,
    -1.6061326691082545,
    -1.458355269261769,
    -1.6087166326386588,
    -1.6293660742895943,
    -1.7716717890330724,
    -1.540029457637242,
    -1.4225789542709077,
    -1.2853428551128931,
    -1.4128079329218184,
    -1.359300638948168,
    -1.2419626925672804,
    -1.3581453987530299,
    -1.2979195884295873,
    -1.0520620048046112,
    -1.1961827448436193,
    -1.0346005771841322,
    -0.9861006992203849,
    -1.015821428171226,
    -0.983543472630637,
    -0.8511529256190572,
    -1.0571093474115645,
    -0.998271392924445,
    -0.6891316899231502,
    -0.9136194927351815,
    -0.6891361432416099,
    -0.8616900018283299,
    -0.7306978468384061,
    -0.7932536458330495,
    -0.8275450840592384,
    -0.7438092263681548,
    -0.7091677976506097,
    -0.9158432249511991,
    -0.6641718340771539,
    -0.7237708339733737,
    -0.8014342593295234,
    -0.7583197919385773,
    -0.6794562669736999,
    -0.6548256682498115
  ],
  "g_adv": [
    0.001136094661584745,
    0.014527885864178339,
    0.05677307272950808,
    0.10932860771814983,
    -0.0039833057671785355,
    -0.602804551521937,
    -1.8011744419733684,
    -3.7554887930552163,
    -6.030590852101644,
    -7.740978876749675,
    -8.986130396525065,
    -9.501309076944986,
    -9.76501719156901,
    -9.700342496236166,
    -9.474512418111166,
    -8.774961471557617,
    -7.840197245279948,
    -6.903064250946045,
    -6.2780830065409345,
    -5.737430890401204,
    -5.250499248504639,
    -5.092197100321452,
    -5.239663441975911,
    -5.172068913777669,
    -5.238804340362549,
    -7.067710876464844,
    -7.807107289632161,
    -8.070635795593262,
    -9.390520095825195,
    -9.586223284403482,
    -9.782782236735025,
    -9.9923095703125,
    -10.779409090677897,
    -8.345221360524496,
    -9.79806645711263,
    -9.71284262339274,
    -10.279073079427084,
    -10.089723587036133,
    -9.35172208150228,
    -8.800287882486979,
    -9.390813191731771,
    -10.07444699605306,
    -10.22533893585205,
    -9.834055582682291,
    -10.715058326721191,
    -10.656231880187988,
    -9.665301640828451,
    -11.134639739990234,
    -11.673562367757162,
    -11.130091031392416,
    -10.763536135355631,
    -10.16357707977295,
    -11.543478647867838,
    -10.544382095336914,
    -10.174366315205893,
    -10.177892367045084,
    -10.571338653564453,
    -9.99794896443685,
    -9.084498723347982,
    -10.062733014424643,
    -7.994233131408691,
    -4.996356964111328,
    -0.5204459130764008,
    -2.4044005076090493,
    -2.7445241610209146,
    -2.46802552541097,
    -2.7328339417775473,
    -3.718917647997538,
    -2.000845511754354,
    -3.488710403442383,
    -2.121599592268467,
    -5.246438344319661,
    -4.607322772343953,
    -2.5279592672983804,
    -5.290103276570638,
    -1.9123534361521404,
    -3.6797167460123696,
    -4.891957600911458,
    -4.01276429494222,
    -4.419774929682414,
    -2.479327122370402,
    -3.4641007582346597,
    -4.04792054494222,
    -5.007397651672363,
    -3.8686838150024414,
    -2.7475842932860055,
    -2.542867422103882,
    -4.626150369644165,
    -3.07512633005778,
    -1.1377066920200984,
    -2.4494830866654715,
    -3.3415013949076333,
    -1.7203155954678853,
    -2.1116934418678284,
    -1.1869676883021991,
    -2.460056702295939,
    -3.5405305673678718,
    1.5638045221567154,
    -2.2199367682139077,
    -5.455280303955078
  ],
  "g_emo": [
    1.5493920246760051,
    1.4016211032867432,
    1.4403171141942341,
    1.3949461380640666,
    1.4411828915278118,
    1.3895124594370525,
    1.3753019571304321,
    1.4263553222020466,
    1.4275879462560017,
    1.431245485941569,
    1.4430505832036336,
    1.4851757685343425,
    1.4258877038955688,
    1.463641921679179,
    1.4328554073969524,
    1.342877705891927,
    1.3429965575536091,
    1.2397794723510742,
    1.1500417391459148,
    1.129308819770813,
    1.0557851791381836,
    0.9246505498886108,
    0.9736769398053488,
    0.8970089554786682,
    0.9340153733889262,
    1.1023368040720622,
    1.0401484568913777,
    0.9399648507436117,
    0.919621209303538,
    0.857066015402476,
    0.8694535295168558,
    0.804273784160614,
    0.8124035398165385,
    0.7216042081514994,
    0.8114691376686096,
    0.7607542673746744,
    0.7113960186640421,
    0.7366474072138468,
    0.7772493958473206,
    0.9986087083816528,
    0.8177587588628134,
    0.9338214000066122,
    0.8946890036265055,
    0.8732426762580872,
    0.8769240578015646,
    0.8744703332583109,
    0.8112360636393229,
    0.8327117959658304,
    0.8648838400840759,
    0.8008674184481303,
    0.8784139156341553,
    0.8914506038029989,
    0.8258056044578552,
    0.796240488688151,
    0.783373236656189,
    0.6959071556727091,
    0.7197535037994385,
    0.7140783071517944,
    0.7171257138252258,
    0.6619216203689575,
    0.6611348390579224,
    0.6999895970026652,
    0.6593560179074606,
    0.6290604074796041,
    0.6570752859115601,
    0.6287411650021871,
    0.6570640802383423,
    0.5864349802335104,
    0.5674292246500651,
    0.5120104849338531,
    0.5104116499423981,
    0.4956449270248413,
    0.5599429210027059,
    0.5274597803751627,
    0.5689178307851156,
    0.5598061084747314,
    0.49219459295272827,
    0.5655264258384705,
    0.5367543498675028,
    0.4696679214636485,
    0.48235033949216205,
    0.44464893142382306,
    0.43906986713409424,
    0.5210909644762675,
    0.4725936949253082,
    0.46430879831314087,
    0.4112624526023865,
    0.4206930498282115,
    0.4027681152025859,
    0.4354853530724843,
    0.3858340084552765,
    0.37776850660641986,
    0.4512106080849965,
    0.37656062841415405,
    0.34813616673151654,
    0.34095971783002216,
    0.40080464879671734,
    0.3706568380196889,
    0.3989156683286031,
    0.33843698104222614
  ]
}